,record_id,month,day,year,plot,species,sex,wgt
15309,15310,1,10,1989,21,OT,M,24.0
15310,15311,1,10,1989,18,PM,M,19.0
15311,15312,1,10,1989,12,AB,,
15312,15313,1,10,1989,1,DM,M,41.0
15313,15314,1,10,1989,6,AB,,
15314,15315,1,10,1989,24,AB,,
15315,15316,1,10,1989,19,RM,M,10.0
15316,15317,1,10,1989,22,RM,M,10.0
15317,15318,1,10,1989,21,SH,F,61.0
15318,15319,1,10,1989,20,RF,F,16.0
15319,15320,1,10,1989,21,OT,F,27.0
15320,15321,1,10,1989,20,RM,M,10.0
15321,15322,1,10,1989,12,,,
15322,15323,1,10,1989,23,RM,M,12.0
15323,15324,1,10,1989,21,RM,M,12.0
15324,15325,1,10,1989,20,RM,M,11.0
15325,15326,1,10,1989,24,DM,F,42.0
15326,15327,1,10,1989,6,OT,F,29.0
15327,15328,1,10,1989,12,OL,F,29.0
15328,15329,1,10,1989,16,RM,M,13.0
15329,15330,1,10,1989,12,PE,M,22.0
15330,15331,1,10,1989,20,AH,,
15331,15332,1,10,1989,1,UP,,
15332,15333,1,10,1989,24,RM,M,11.0
15333,15334,1,10,1989,20,RF,F,10.0
15334,15335,1,10,1989,17,PE,F,21.0
15335,15336,1,10,1989,6,PE,M,21.0
15336,15337,1,10,1989,12,DM,M,41.0
15337,15338,1,10,1989,23,RM,M,11.0
15338,15339,1,10,1989,24,DM,M,46.0
15339,15340,1,10,1989,12,PE,F,26.0
15340,15341,1,10,1989,22,AB,,
15341,15342,1,10,1989,1,OL,M,34.0
15342,15343,1,10,1989,19,RM,F,11.0
15343,15344,1,10,1989,22,OT,M,23.0
15344,15345,1,10,1989,1,DM,M,48.0
15345,15346,1,10,1989,1,DM,F,41.0
15346,15347,1,10,1989,17,PE,M,19.0
15347,15348,1,10,1989,1,DM,M,48.0
15348,15349,1,10,1989,22,DS,M,
15349,15350,1,10,1989,21,RM,M,8.0
15350,15351,1,10,1989,16,RM,M,14.0
15351,15352,1,10,1989,20,,F,155.0
15352,15353,1,10,1989,16,AB,,
15353,15354,1,10,1989,17,DO,M,57.0
15354,15355,1,10,1989,19,PM,F,28.0
15355,15356,1,10,1989,17,AB,,
15356,15357,1,10,1989,12,RM,F,13.0
15357,15358,1,10,1989,19,RM,M,10.0
15358,15359,1,10,1989,1,DO,M,57.0
15359,15360,1,10,1989,24,OT,M,26.0
15360,15361,1,10,1989,12,DM,M,46.0
15361,15362,1,10,1989,21,RM,F,12.0
15362,15363,1,10,1989,12,RM,M,12.0
15363,15364,1,10,1989,17,,F,177.0
15364,15365,1,10,1989,1,DO,M,47.0
15365,15366,1,10,1989,12,RF,F,18.0
15366,15367,1,10,1989,17,SH,F,66.0
15367,15368,1,10,1989,17,SH,F,64.0
15368,15369,1,10,1989,1,DO,F,54.0
15369,15370,1,10,1989,21,OT,F,24.0
15370,15371,1,10,1989,1,DO,M,59.0
15371,15372,1,10,1989,22,OT,M,24.0
15372,15373,1,10,1989,1,DO,F,50.0
15373,15374,1,10,1989,22,OT,F,21.0
15374,15375,1,10,1989,6,RF,M,13.0
15375,15376,1,10,1989,12,RM,M,9.0
15376,15377,1,10,1989,16,RM,F,14.0
15377,15378,1,10,1989,22,DM,M,45.0
15378,15379,1,10,1989,17,PE,M,23.0
15379,15380,1,10,1989,1,PM,M,26.0
15380,15381,1,10,1989,6,PE,F,22.0
15381,15382,1,10,1989,19,RM,F,11.0
15382,15383,1,10,1989,18,RM,F,11.0
15383,15384,1,11,1989,3,SH,F,90.0
15384,15385,1,11,1989,9,OL,F,26.0
15385,15386,1,11,1989,14,AB,,
15386,15387,1,11,1989,11,SH,M,73.0
15387,15388,1,11,1989,10,RF,M,12.0
15388,15389,1,11,1989,2,OL,M,42.0
15389,15390,1,11,1989,4,DM,M,52.0
15390,15391,1,11,1989,15,,F,187.0
15391,15392,1,11,1989,7,PE,M,25.0
15392,15393,1,11,1989,5,PE,F,23.0
15393,15394,1,11,1989,10,RM,M,11.0
15394,15395,1,11,1989,9,RM,F,10.0
15395,15396,1,11,1989,7,RM,M,10.0
15396,15397,1,11,1989,5,SH,M,66.0
15397,15398,1,11,1989,7,RM,M,12.0
15398,15399,1,11,1989,3,RM,M,10.0
15399,15400,1,11,1989,7,RM,M,12.0
15400,15401,1,11,1989,10,RM,M,10.0
15401,15402,1,11,1989,4,DM,F,36.0
15402,15403,1,11,1989,9,DO,F,59.0
15403,15404,1,11,1989,8,DS,M,159.0
15404,15405,1,11,1989,13,OL,M,29.0
15405,15406,1,11,1989,10,RM,F,11.0
15406,15407,1,11,1989,3,PE,F,25.0
15407,15408,1,11,1989,7,RM,M,9.0
15408,15409,1,11,1989,11,DM,F,40.0
15409,15410,1,11,1989,14,DM,M,43.0
15410,15411,1,11,1989,13,RM,F,9.0
15411,15412,1,11,1989,3,,M,198.0
15412,15413,1,11,1989,8,OT,M,26.0
15413,15414,1,11,1989,13,OL,M,30.0
15414,15415,1,11,1989,4,DM,M,36.0
15415,15416,1,11,1989,5,RM,M,11.0
15416,15417,1,11,1989,3,RM,M,11.0
15417,15418,1,11,1989,11,DM,F,42.0
15418,15419,1,11,1989,2,AH,,
15419,15420,1,11,1989,4,DS,M,141.0
15420,15421,1,11,1989,14,DM,M,43.0
15421,15422,1,11,1989,13,RM,F,15.0
15422,15423,1,11,1989,7,PE,M,22.0
15423,15424,1,11,1989,3,OT,M,24.0
15424,15425,1,11,1989,5,RM,F,8.0
15425,15426,1,11,1989,8,AB,,
15426,15427,1,11,1989,3,RM,M,10.0
15427,15428,1,11,1989,8,DM,M,51.0
15428,15429,1,11,1989,14,AB,,
15429,15430,1,11,1989,9,DM,M,49.0
15430,15431,1,11,1989,2,PE,M,22.0
15431,15432,1,11,1989,7,AB,,
15432,15433,1,11,1989,8,DM,M,47.0
15433,15434,1,11,1989,2,RM,F,12.0
15434,15435,1,11,1989,4,DM,F,43.0
15435,15436,1,11,1989,7,PE,F,21.0
15436,15437,1,11,1989,11,RM,M,11.0
15437,15438,1,11,1989,8,RM,F,12.0
15438,15439,1,11,1989,14,DM,M,44.0
15439,15440,1,11,1989,5,RM,M,10.0
15440,15441,1,11,1989,14,OL,F,37.0
15441,15442,1,11,1989,3,OT,M,25.0
15442,15443,1,11,1989,8,DM,F,43.0
15443,15444,1,11,1989,9,DM,M,55.0
15444,15445,1,11,1989,8,DM,M,49.0
15445,15446,1,11,1989,5,OT,M,22.0
15446,15447,1,11,1989,7,PE,F,28.0
15447,15448,1,11,1989,2,DO,F,57.0
15448,15449,1,11,1989,4,DM,M,49.0
15449,15450,1,11,1989,9,OL,F,31.0
15450,15451,1,11,1989,4,RM,F,13.0
15451,15452,1,11,1989,15,RM,F,14.0
15452,15453,1,11,1989,9,DM,M,36.0
15453,15454,1,11,1989,14,OL,M,34.0
15454,15455,1,11,1989,7,RM,M,11.0
15455,15456,1,11,1989,5,RM,F,13.0
15456,15457,1,11,1989,13,RM,M,10.0
15457,15458,1,11,1989,11,PE,M,19.0
15458,15459,1,11,1989,9,,M,275.0
15459,15460,1,11,1989,13,OT,M,30.0
15460,15461,1,11,1989,13,AB,,
15461,15462,1,11,1989,7,PE,F,21.0
15462,15463,1,11,1989,9,DM,M,50.0
15463,15464,1,11,1989,11,RM,M,11.0
15464,15465,1,11,1989,9,DM,M,50.0
15465,15466,1,11,1989,13,PM,M,24.0
15466,15467,1,11,1989,3,OT,F,23.0
15467,15468,1,11,1989,10,RF,F,16.0
15468,15469,1,11,1989,8,DM,M,39.0
15469,15470,1,11,1989,11,OL,F,30.0
15470,15471,1,11,1989,14,DM,F,47.0
15471,15472,1,11,1989,3,RM,M,10.0
15472,15473,1,11,1989,9,RM,F,9.0
15473,15474,1,11,1989,13,AH,,
15474,15475,1,11,1989,7,AB,,
15475,15476,1,11,1989,9,DM,F,43.0
15476,15477,1,11,1989,8,DM,F,43.0
15477,15478,1,11,1989,3,RM,F,13.0
15478,15479,1,11,1989,11,DM,M,50.0
15479,15480,1,11,1989,9,DM,M,48.0
15480,15481,1,11,1989,13,RM,M,11.0
15481,15482,1,11,1989,2,DO,M,57.0
15482,15483,1,11,1989,5,PE,M,22.0
15483,15484,1,11,1989,8,DM,M,43.0
15484,15485,1,11,1989,7,PE,F,19.0
15485,15486,2,4,1989,17,RM,F,9.0
15486,15487,2,4,1989,17,RM,,
15487,15488,2,4,1989,20,AB,,
15488,15489,2,4,1989,12,DO,F,53.0
15489,15490,2,4,1989,23,PE,M,17.0
15490,15491,2,4,1989,18,PM,M,19.0
15491,15492,2,4,1989,20,RF,F,16.0
15492,15493,2,4,1989,1,OL,M,41.0
15493,15494,2,4,1989,12,PE,M,24.0
15494,15495,2,4,1989,21,RM,F,13.0
15495,15496,2,4,1989,6,PE,F,22.0
15496,15497,2,4,1989,12,OL,F,27.0
15497,15498,2,4,1989,21,RM,M,10.0
15498,15499,2,4,1989,18,PM,M,10.0
15499,15500,2,4,1989,21,SH,F,64.0
15500,15501,2,4,1989,20,,F,155.0
15501,15502,2,4,1989,16,RF,F,13.0
15502,15503,2,4,1989,6,RM,F,12.0
15503,15504,2,4,1989,1,UP,,
15504,15505,2,4,1989,19,RM,M,10.0
15505,15506,2,4,1989,12,,F,104.0
15506,15507,2,4,1989,12,AH,,
15507,15508,2,4,1989,12,AH,,
15508,15509,2,4,1989,6,PE,,
15509,15510,2,4,1989,12,AH,,
15510,15511,2,4,1989,18,RM,M,10.0
15511,15512,2,4,1989,20,PE,F,20.0
15512,15513,2,4,1989,16,RM,M,12.0
15513,15514,2,4,1989,12,DO,F,53.0
15514,15515,2,4,1989,18,PM,M,10.0
15515,15516,2,4,1989,20,RF,F,10.0
15516,15517,2,4,1989,23,RM,M,9.0
15517,15518,2,4,1989,20,RM,M,10.0
15518,15519,2,4,1989,1,DM,M,43.0
15519,15520,2,4,1989,1,DM,F,44.0
15520,15521,2,4,1989,1,OL,F,34.0
15521,15522,2,4,1989,17,PE,M,21.0
15522,15523,2,4,1989,12,DO,M,50.0
15523,15524,2,4,1989,23,RM,M,9.0
15524,15525,2,4,1989,1,DO,M,57.0
15525,15526,2,4,1989,12,PE,F,17.0
15526,15527,2,4,1989,12,PE,F,25.0
15527,15528,2,4,1989,21,RM,F,10.0
15528,15529,2,4,1989,1,DM,M,50.0
15529,15530,2,4,1989,19,PM,F,26.0
15530,15531,2,4,1989,22,DS,F,120.0
15531,15532,2,4,1989,19,PE,M,24.0
15532,15533,2,4,1989,19,RM,F,11.0
15533,15534,2,4,1989,1,DO,M,57.0
15534,15535,2,4,1989,24,DM,F,36.0
15535,15536,2,4,1989,6,RF,M,13.0
15536,15537,2,4,1989,21,RM,M,11.0
15537,15538,2,4,1989,20,RM,M,9.0
15538,15539,2,4,1989,21,OT,F,25.0
15539,15540,2,4,1989,12,OL,M,35.0
15540,15541,2,4,1989,1,DO,F,52.0
15541,15542,2,4,1989,12,DM,M,47.0
15542,15543,2,4,1989,23,RM,M,10.0
15543,15544,2,4,1989,21,OT,F,22.0
15544,15545,2,4,1989,17,PE,M,18.0
15545,15546,2,4,1989,24,RM,M,11.0
15546,15547,2,4,1989,23,PE,M,20.0
15547,15548,2,4,1989,12,DO,M,51.0
15548,15549,2,4,1989,22,DS,M,134.0
15549,15550,2,4,1989,1,DO,M,49.0
15550,15551,2,4,1989,17,DO,M,54.0
15551,15552,2,4,1989,24,DM,M,45.0
15552,15553,2,4,1989,1,DM,M,48.0
15553,15554,2,4,1989,22,OT,M,21.0
15554,15555,2,4,1989,16,PM,F,26.0
15555,15556,2,4,1989,23,RM,F,9.0
15556,15557,2,4,1989,12,RM,M,11.0
15557,15558,2,4,1989,24,RM,F,8.0
15558,15559,2,4,1989,18,RM,F,10.0
15559,15560,2,4,1989,17,PE,M,19.0
15560,15561,2,4,1989,12,RF,F,13.0
15561,15562,2,4,1989,24,RM,M,9.0
15562,15563,2,4,1989,21,OT,M,22.0
15563,15564,2,4,1989,19,RM,F,12.0
15564,15565,2,4,1989,22,DM,M,44.0
15565,15566,2,4,1989,17,SH,F,61.0
15566,15567,2,5,1989,9,DO,M,50.0
15567,15568,2,5,1989,3,SH,F,80.0
15568,15569,2,5,1989,4,DM,M,50.0
15569,15570,2,5,1989,11,RM,F,11.0
15570,15571,2,5,1989,15,RM,F,10.0
15571,15572,2,5,1989,14,DM,M,50.0
15572,15573,2,5,1989,9,RM,M,10.0
15573,15574,2,5,1989,8,OT,M,23.0
15574,15575,2,5,1989,10,RM,F,10.0
15575,15576,2,5,1989,9,DM,M,54.0
15576,15577,2,5,1989,8,DO,M,46.0
15577,15578,2,5,1989,11,PE,F,21.0
15578,15579,2,5,1989,10,RF,M,11.0
15579,15580,2,5,1989,8,DM,M,47.0
15580,15581,2,5,1989,14,RM,M,10.0
15581,15582,2,5,1989,7,PE,F,20.0
15582,15583,2,5,1989,10,RF,F,13.0
15583,15584,2,5,1989,13,RM,F,9.0
15584,15585,2,5,1989,3,RM,M,10.0
15585,15586,2,5,1989,5,RM,F,11.0
15586,15587,2,5,1989,9,PE,F,24.0
15587,15588,2,5,1989,7,AH,,
15588,15589,2,5,1989,3,,M,197.0
15589,15590,2,5,1989,9,PE,M,23.0
15590,15591,2,5,1989,15,,F,
15591,15592,2,5,1989,2,RM,M,11.0
15592,15593,2,5,1989,5,,M,240.0
15593,15594,2,5,1989,8,DS,M,160.0
15594,15595,2,5,1989,9,RM,M,11.0
15595,15596,2,5,1989,7,RM,F,12.0
15596,15597,2,5,1989,13,RM,M,11.0
15597,15598,2,5,1989,2,RM,F,9.0
15598,15599,2,5,1989,8,RM,F,10.0
15599,15600,2,5,1989,4,DM,F,43.0
15600,15601,2,5,1989,11,DM,M,48.0
15601,15602,2,5,1989,8,RM,M,11.0
15602,15603,2,5,1989,5,PE,M,20.0
15603,15604,2,5,1989,9,DM,F,43.0
15604,15605,2,5,1989,14,RM,M,9.0
15605,15606,2,5,1989,3,PE,M,23.0
15606,15607,2,5,1989,13,RM,,
15607,15608,2,5,1989,11,DM,M,48.0
15608,15609,2,5,1989,8,DM,M,47.0
15609,15610,2,5,1989,13,PC,,
15610,15611,2,5,1989,4,DM,F,44.0
15611,15612,2,5,1989,5,RF,M,12.0
15612,15613,2,5,1989,9,RM,F,11.0
15613,15614,2,5,1989,5,OL,M,25.0
15614,15615,2,5,1989,13,RM,M,10.0
15615,15616,2,5,1989,4,RM,F,13.0
15616,15617,2,5,1989,5,OT,F,25.0
15617,15618,2,5,1989,7,PE,F,29.0
15618,15619,2,5,1989,3,PE,F,26.0
15619,15620,2,5,1989,4,DM,M,40.0
15620,15621,2,5,1989,11,RM,M,10.0
15621,15622,2,5,1989,9,RM,M,9.0
15622,15623,2,5,1989,8,DM,F,42.0
15623,15624,2,5,1989,15,AH,,
15624,15625,2,5,1989,13,PE,F,24.0
15625,15626,2,5,1989,4,OL,M,31.0
15626,15627,2,5,1989,13,RM,M,11.0
15627,15628,2,5,1989,7,PE,M,22.0
15628,15629,2,5,1989,3,RM,M,10.0
15629,15630,2,5,1989,11,DM,M,47.0
15630,15631,2,5,1989,2,RM,F,12.0
15631,15632,2,5,1989,11,DM,F,46.0
15632,15633,2,5,1989,11,SH,M,78.0
15633,15634,2,5,1989,15,RM,F,9.0
15634,15635,2,5,1989,14,DM,M,47.0
15635,15636,2,5,1989,11,OL,F,29.0
15636,15637,2,5,1989,9,RM,F,11.0
15637,15638,2,5,1989,3,OT,F,26.0
15638,15639,2,5,1989,4,DM,M,48.0
15639,15640,2,5,1989,15,DM,M,44.0
15640,15641,2,5,1989,2,DO,M,56.0
15641,15642,2,5,1989,4,RM,F,10.0
15642,15643,2,5,1989,5,PE,F,21.0
15643,15644,2,5,1989,2,DO,F,54.0
15644,15645,2,5,1989,4,DM,F,42.0
15645,15646,2,5,1989,2,OT,M,24.0
15646,15647,2,5,1989,9,DM,M,49.0
15647,15648,2,5,1989,8,OL,F,27.0
15648,15649,2,5,1989,11,PE,M,18.0
15649,15650,2,5,1989,15,OL,M,33.0
15650,15651,2,5,1989,5,RM,F,11.0
15651,15652,2,5,1989,7,PE,M,22.0
15652,15653,2,5,1989,3,RM,F,9.0
15653,15654,2,5,1989,11,DM,F,44.0
15654,15655,2,5,1989,8,RM,F,5.0
15655,15656,2,5,1989,7,RM,,
15656,15657,2,5,1989,9,DM,M,47.0
15657,15658,2,5,1989,4,DM,F,39.0
15658,15659,2,5,1989,9,DM,M,48.0
15659,15660,2,5,1989,15,OL,F,33.0
15660,15661,2,5,1989,7,PE,M,24.0
15661,15662,2,5,1989,2,OL,M,41.0
15662,15663,2,5,1989,3,OT,M,23.0
15663,15664,2,5,1989,11,RM,F,11.0
15664,15665,2,5,1989,7,RM,M,10.0
15665,15666,2,5,1989,3,RM,M,11.0
15666,15667,2,5,1989,5,OL,M,36.0
15667,15668,2,5,1989,9,DM,M,41.0
15668,15669,2,5,1989,8,OL,F,30.0
15669,15670,2,5,1989,15,OL,M,39.0
15670,15671,2,5,1989,13,RM,M,10.0
15671,15672,2,5,1989,15,PM,M,20.0
15672,15673,2,5,1989,7,RM,M,9.0
15673,15674,2,5,1989,11,DM,M,37.0
15674,15675,2,5,1989,11,DM,M,45.0
15675,15676,2,5,1989,8,DM,M,44.0
15676,15677,3,11,1989,14,DM,M,47.0
15677,15678,3,12,1989,1,RM,M,10.0
15678,15679,3,12,1989,24,,F,187.0
15679,15680,3,12,1989,7,PE,F,27.0
15680,15681,3,12,1989,24,OT,M,27.0
15681,15682,3,12,1989,7,RM,F,13.0
15682,15683,3,12,1989,24,OT,F,24.0
15683,15684,3,12,1989,12,,F,123.0
15684,15685,3,12,1989,1,RM,F,11.0
15685,15686,3,12,1989,12,,M,249.0
15686,15687,3,12,1989,19,PE,M,27.0
15687,15688,3,12,1989,23,RM,M,11.0
15688,15689,3,12,1989,12,RM,M,11.0
15689,15690,3,12,1989,24,RM,M,11.0
15690,15691,3,12,1989,24,PE,F,22.0
15691,15692,3,12,1989,12,OL,F,31.0
15692,15693,3,12,1989,23,RM,M,10.0
15693,15694,3,12,1989,24,RM,M,12.0
15694,15695,3,12,1989,7,RM,M,11.0
15695,15696,3,12,1989,19,PM,M,21.0
15696,15697,3,12,1989,12,RM,F,12.0
15697,15698,3,12,1989,22,RM,F,10.0
15698,15699,3,12,1989,1,DO,M,51.0
15699,15700,3,12,1989,22,DS,F,101.0
15700,15701,3,12,1989,6,RM,F,13.0
15701,15702,3,12,1989,7,PE,M,23.0
15702,15703,3,12,1989,6,RM,F,6.0
15703,15704,3,12,1989,12,OL,M,40.0
15704,15705,3,12,1989,7,PE,F,24.0
15705,15706,3,12,1989,6,PM,M,19.0
15706,15707,3,12,1989,19,PE,F,22.0
15707,15708,3,12,1989,6,PE,M,22.0
15708,15709,3,12,1989,12,SH,M,81.0
15709,15710,3,12,1989,22,DS,M,135.0
15710,15711,3,12,1989,23,RM,M,10.0
15711,15712,3,12,1989,22,DM,F,46.0
15712,15713,3,12,1989,23,RM,F,12.0
15713,15714,3,12,1989,22,RM,M,11.0
15714,15715,3,12,1989,7,PE,M,23.0
15715,15716,3,12,1989,7,RM,M,11.0
15716,15717,3,12,1989,6,PE,M,23.0
15717,15718,3,12,1989,19,RM,F,13.0
15718,15719,3,12,1989,22,DS,F,
15719,15720,3,12,1989,7,PE,M,24.0
15720,15721,3,12,1989,12,PE,F,26.0
15721,15722,3,12,1989,23,RM,M,10.0
15722,15723,3,12,1989,6,RF,F,16.0
15723,15724,3,12,1989,24,RM,M,11.0
15724,15725,3,12,1989,7,PE,F,28.0
15725,15726,3,12,1989,22,DM,M,49.0
15726,15727,3,12,1989,1,DM,M,48.0
15727,15728,3,12,1989,23,RM,F,12.0
15728,15729,3,13,1989,11,SH,M,90.0
15729,15730,3,13,1989,20,PE,M,24.0
15730,15731,3,13,1989,13,RM,M,11.0
15731,15732,3,13,1989,20,RF,F,14.0
15732,15733,3,13,1989,2,OL,F,34.0
15733,15734,3,13,1989,2,DO,F,70.0
15734,15735,3,13,1989,21,RM,F,14.0
15735,15736,3,13,1989,18,OT,M,25.0
15736,15737,3,13,1989,20,RM,M,9.0
15737,15738,3,13,1989,21,AB,,
15738,15739,3,13,1989,5,RM,F,13.0
15739,15740,3,13,1989,20,RM,M,11.0
15740,15741,3,13,1989,17,PE,F,24.0
15741,15742,3,13,1989,5,RM,F,13.0
15742,15743,3,13,1989,11,RM,M,11.0
15743,15744,3,13,1989,20,OT,M,28.0
15744,15745,3,13,1989,18,PM,M,13.0
15745,15746,3,13,1989,2,RM,M,11.0
15746,15747,3,13,1989,20,RM,M,9.0
15747,15748,3,13,1989,21,SH,F,84.0
15748,15749,3,13,1989,5,RM,M,10.0
15749,15750,3,13,1989,2,PE,M,25.0
15750,15751,3,13,1989,13,RM,M,10.0
15751,15752,3,13,1989,18,OT,F,26.0
15752,15753,3,13,1989,11,DM,M,48.0
15753,15754,3,13,1989,5,OL,F,31.0
15754,15755,3,13,1989,2,DO,M,58.0
15755,15756,3,13,1989,20,RM,M,11.0
15756,15757,3,13,1989,17,RM,F,11.0
15757,15758,3,13,1989,21,RM,F,11.0
15758,15759,3,13,1989,21,RM,M,12.0
15759,15760,3,13,1989,5,SH,M,89.0
15760,15761,3,13,1989,2,RM,F,14.0
15761,15762,3,13,1989,17,,F,183.0
15762,15763,3,13,1989,5,OL,M,30.0
15763,15764,3,13,1989,2,DO,M,55.0
15764,15765,3,13,1989,5,PP,M,24.0
15765,15766,3,13,1989,13,PE,F,27.0
15766,15767,3,13,1989,18,AB,,
15767,15768,3,13,1989,20,OT,F,25.0
15768,15769,3,13,1989,11,RM,M,10.0
15769,15770,3,13,1989,17,DO,M,60.0
15770,15771,3,13,1989,11,DM,F,47.0
15771,15772,3,13,1989,2,PE,F,25.0
15772,15773,3,13,1989,17,SH,F,75.0
15773,15774,3,13,1989,5,PE,M,21.0
15774,15775,3,13,1989,2,RM,M,10.0
15775,15776,3,13,1989,13,PE,M,22.0
15776,15777,3,13,1989,21,RF,F,16.0
15777,15778,3,13,1989,2,OL,M,42.0
15778,15779,3,13,1989,5,PE,F,23.0
15779,15780,3,13,1989,2,,M,242.0
15780,15781,3,13,1989,13,PE,M,24.0
15781,15782,3,13,1989,17,RM,F,12.0
15782,15783,3,13,1989,17,RM,M,11.0
15783,15784,3,13,1989,13,AH,,
15784,15785,3,13,1989,2,RM,F,12.0
15785,15786,3,13,1989,11,DM,M,48.0
15786,15787,3,14,1989,3,SH,F,105.0
15787,15788,3,14,1989,9,DO,M,54.0
15788,15789,3,14,1989,14,DM,M,49.0
15789,15790,3,14,1989,3,SH,F,90.0
15790,15791,3,14,1989,8,DM,F,46.0
15791,15792,3,14,1989,4,DM,M,49.0
15792,15793,3,14,1989,4,OL,F,34.0
15793,15794,3,14,1989,16,RM,M,11.0
15794,15795,3,14,1989,10,RF,F,14.0
15795,15796,3,14,1989,4,DS,M,133.0
15796,15797,3,14,1989,9,DM,F,45.0
15797,15798,3,14,1989,15,RM,M,10.0
15798,15799,3,14,1989,15,RM,F,13.0
15799,15800,3,14,1989,15,RM,F,13.0
15800,15801,3,14,1989,3,OT,M,28.0
15801,15802,3,14,1989,3,,M,192.0
15802,15803,3,14,1989,9,AB,,
15803,15804,3,14,1989,14,DM,M,49.0
15804,15805,3,14,1989,10,RF,M,12.0
15805,15806,3,14,1989,8,DM,F,45.0
15806,15807,3,14,1989,16,RM,F,12.0
15807,15808,3,14,1989,10,RM,,
15808,15809,3,14,1989,3,PE,F,28.0
15809,15810,3,14,1989,3,RM,M,10.0
15810,15811,3,14,1989,9,DM,M,55.0
15811,15812,3,14,1989,8,DS,M,93.0
15812,15813,3,14,1989,14,PE,M,24.0
15813,15814,3,14,1989,3,PE,M,25.0
15814,15815,3,14,1989,8,DM,M,45.0
15815,15816,3,14,1989,4,RM,F,12.0
15816,15817,3,14,1989,9,SS,,
15817,15818,3,14,1989,9,DM,M,39.0
15818,15819,3,14,1989,4,DM,F,41.0
15819,15820,3,14,1989,14,DM,F,47.0
15820,15821,3,14,1989,10,RM,F,10.0
15821,15822,3,14,1989,3,SS,,
15822,15823,3,14,1989,8,DM,M,47.0
15823,15824,3,14,1989,10,RM,M,11.0
15824,15825,3,14,1989,3,RM,M,11.0
15825,15826,3,14,1989,3,RM,F,12.0
15826,15827,3,14,1989,3,RM,M,11.0
15827,15828,3,14,1989,9,DM,M,50.0
15828,15829,3,14,1989,14,PM,F,19.0
15829,15830,3,14,1989,9,DM,M,51.0
15830,15831,3,14,1989,8,DM,M,50.0
15831,15832,3,14,1989,15,RM,M,10.0
15832,15833,3,14,1989,16,RM,M,11.0
15833,15834,3,14,1989,3,SH,M,88.0
15834,15835,3,14,1989,14,PM,M,22.0
15835,15836,4,1,1989,1,RM,F,12.0
15836,15837,4,1,1989,9,DM,M,55.0
15837,15838,4,1,1989,8,DM,F,49.0
15838,15839,4,1,1989,3,SH,F,101.0
15839,15840,4,1,1989,6,OL,M,29.0
15840,15841,4,1,1989,3,PP,M,18.0
15841,15842,4,1,1989,3,PE,F,26.0
15842,15843,4,1,1989,9,DO,F,56.0
15843,15844,4,1,1989,1,PE,M,25.0
15844,15845,4,1,1989,3,,M,196.0
15845,15846,4,1,1989,12,,F,137.0
15846,15847,4,1,1989,12,SH,M,82.0
15847,15848,4,1,1989,9,DM,M,49.0
15848,15849,4,1,1989,5,OL,F,35.0
15849,15850,4,1,1989,10,RM,F,9.0
15850,15851,4,1,1989,8,DS,M,107.0
15851,15852,4,1,1989,1,RM,F,13.0
15852,15853,4,1,1989,2,PE,M,21.0
15853,15854,4,1,1989,11,PE,M,22.0
15854,15855,4,1,1989,10,RF,M,12.0
15855,15856,4,1,1989,5,SH,F,93.0
15856,15857,4,1,1989,8,DM,F,43.0
15857,15858,4,1,1989,4,DM,M,29.0
15858,15859,4,1,1989,5,RM,F,13.0
15859,15860,4,1,1989,4,DM,F,40.0
15860,15861,4,1,1989,5,RM,M,11.0
15861,15862,4,1,1989,24,PE,F,30.0
15862,15863,4,1,1989,12,DO,F,53.0
15863,15864,4,1,1989,1,SS,,
15864,15865,4,1,1989,3,RM,M,10.0
15865,15866,4,1,1989,3,PP,M,22.0
15866,15867,4,1,1989,8,DM,M,48.0
15867,15868,4,1,1989,3,PP,M,24.0
15868,15869,4,1,1989,4,DM,M,46.0
15869,15870,4,1,1989,4,DS,M,146.0
15870,15871,4,1,1989,12,RM,F,9.0
15871,15872,4,1,1989,8,DM,M,46.0
15872,15873,4,1,1989,2,DO,M,54.0
15873,15874,4,1,1989,24,RM,M,10.0
15874,15875,4,1,1989,3,RM,F,11.0
15875,15876,4,1,1989,11,RM,M,10.0
15876,15877,4,1,1989,4,DM,F,45.0
15877,15878,4,1,1989,11,CS,,
15878,15879,4,1,1989,6,OT,F,27.0
15879,15880,4,1,1989,11,DM,M,47.0
15880,15881,4,1,1989,5,PE,,
15881,15882,4,1,1989,24,RM,M,9.0
15882,15883,4,1,1989,12,OL,F,38.0
15883,15884,4,1,1989,4,RM,F,10.0
15884,15885,4,1,1989,9,DM,F,44.0
15885,15886,4,1,1989,5,OL,M,31.0
15886,15887,4,1,1989,12,DM,M,48.0
15887,15888,4,1,1989,6,RM,M,13.0
15888,15889,4,1,1989,24,RM,M,11.0
15889,15890,4,1,1989,12,OL,F,33.0
15890,15891,4,1,1989,9,DM,M,40.0
15891,15892,4,1,1989,11,RM,F,14.0
15892,15893,4,1,1989,10,RF,F,16.0
15893,15894,4,1,1989,2,RM,M,10.0
15894,15895,4,1,1989,4,DM,F,40.0
15895,15896,4,1,1989,5,PP,M,25.0
15896,15897,4,1,1989,2,OL,M,36.0
15897,15898,4,1,1989,5,PP,M,22.0
15898,15899,4,1,1989,12,RF,F,12.0
15899,15900,4,1,1989,4,PP,M,15.0
15900,15901,4,1,1989,5,SA,,
15901,15902,4,1,1989,5,DO,F,48.0
15902,15903,4,1,1989,6,RM,F,12.0
15903,15904,4,1,1989,9,OL,M,36.0
15904,15905,4,1,1989,5,RM,M,11.0
15905,15906,4,1,1989,6,PP,F,16.0
15906,15907,4,1,1989,1,DO,M,54.0
15907,15908,4,1,1989,6,RF,F,12.0
15908,15909,4,1,1989,12,RM,M,10.0
15909,15910,4,1,1989,3,RM,M,12.0
15910,15911,4,1,1989,5,PE,M,21.0
15911,15912,4,1,1989,3,SH,F,86.0
15912,15913,4,1,1989,24,,M,180.0
15913,15914,4,1,1989,11,DM,F,46.0
15914,15915,4,1,1989,8,DM,M,49.0
15915,15916,4,2,1989,7,PE,F,25.0
15916,15917,4,2,1989,13,RM,M,10.0
15917,15918,4,2,1989,16,RM,M,8.0
15918,15919,4,2,1989,7,PE,M,23.0
15919,15920,4,2,1989,15,RM,M,10.0
15920,15921,4,2,1989,20,RF,F,13.0
15921,15922,4,2,1989,17,,F,103.0
15922,15923,4,2,1989,7,PE,F,15.0
15923,15924,4,2,1989,17,SH,F,102.0
15924,15925,4,2,1989,14,DM,M,
15925,15926,4,2,1989,22,RM,F,9.0
15926,15927,4,2,1989,21,RM,F,10.0
15927,15928,4,2,1989,13,RM,M,10.0
15928,15929,4,2,1989,20,RF,F,11.0
15929,15930,4,2,1989,18,OT,F,33.0
15930,15931,4,2,1989,21,RM,F,6.0
15931,15932,4,2,1989,7,RM,M,12.0
15932,15933,4,2,1989,7,PE,M,24.0
15933,15934,4,2,1989,18,RM,F,13.0
15934,15935,4,2,1989,19,SA,,
15935,15936,4,2,1989,19,RM,M,9.0
15936,15937,4,2,1989,21,RM,M,8.0
15937,15938,4,2,1989,17,,F,106.0
15938,15939,4,2,1989,20,RM,M,9.0
15939,15940,4,2,1989,17,RM,F,12.0
15940,15941,4,2,1989,15,RM,M,11.0
15941,15942,4,2,1989,23,RM,M,11.0
15942,15943,4,2,1989,22,DS,M,137.0
15943,15944,4,2,1989,17,DO,F,49.0
15944,15945,4,2,1989,21,SH,F,98.0
15945,15946,4,2,1989,7,RF,M,11.0
15946,15947,4,2,1989,20,,F,190.0
15947,15948,4,2,1989,17,DO,M,
15948,15949,4,2,1989,22,DM,M,51.0
15949,15950,4,2,1989,20,AH,,
15950,15951,4,2,1989,23,RM,F,13.0
15951,15952,4,2,1989,7,PE,F,27.0
15952,15953,4,2,1989,19,RM,F,12.0
15953,15954,4,2,1989,23,RM,M,9.0
15954,15955,4,2,1989,20,RM,M,9.0
15955,15956,4,2,1989,17,OT,M,27.0
15956,15957,4,2,1989,21,RM,M,10.0
15957,15958,4,2,1989,20,RM,M,10.0
15958,15959,4,2,1989,21,RM,F,13.0
15959,15960,4,2,1989,15,RM,F,9.0
15960,15961,4,2,1989,22,DM,M,48.0
15961,15962,4,2,1989,18,PM,M,22.0
15962,15963,4,2,1989,14,PE,F,20.0
15963,15964,4,2,1989,18,RM,F,12.0
15964,15965,4,2,1989,14,DM,M,48.0
15965,15966,4,2,1989,19,PP,M,20.0
15966,15967,4,2,1989,22,DS,F,115.0
15967,15968,4,2,1989,7,PE,M,23.0
15968,15969,4,2,1989,7,PE,M,21.0
15969,15970,4,2,1989,22,DM,F,53.0
15970,15971,5,9,1989,20,RM,M,10.0
15971,15972,5,9,1989,21,RM,F,10.0
15972,15973,5,9,1989,1,OT,M,13.0
15973,15974,5,9,1989,24,AH,,
15974,15975,5,9,1989,1,DM,F,35.0
15975,15976,5,9,1989,21,RM,F,7.0
15976,15977,5,9,1989,20,,F,177.0
15977,15978,5,9,1989,7,PE,F,17.0
15978,15979,5,9,1989,21,RM,M,10.0
15979,15980,5,9,1989,1,RM,F,12.0
15980,15981,5,9,1989,21,,M,100.0
15981,15982,5,9,1989,24,PE,F,25.0
15982,15983,5,9,1989,1,DO,F,43.0
15983,15984,5,9,1989,24,OT,F,31.0
15984,15985,5,9,1989,21,,F,188.0
15985,15986,5,9,1989,19,PE,M,22.0
15986,15987,5,9,1989,21,SH,F,120.0
15987,15988,5,9,1989,24,,F,138.0
15988,15989,5,9,1989,20,PE,M,22.0
15989,15990,5,9,1989,22,DM,F,42.0
15990,15991,5,9,1989,20,RF,F,13.0
15991,15992,5,9,1989,24,DO,F,48.0
15992,15993,5,9,1989,1,DM,M,45.0
15993,15994,5,9,1989,24,OT,M,30.0
15994,15995,5,9,1989,22,DS,M,134.0
15995,15996,5,9,1989,20,PE,M,15.0
15996,15997,5,9,1989,7,RM,F,9.0
15997,15998,5,9,1989,22,DM,F,47.0
15998,15999,5,9,1989,20,OT,F,28.0
15999,16000,5,9,1989,22,DS,F,108.0
16000,16001,5,9,1989,23,CB,,
16001,16002,5,9,1989,19,SC,,
16002,16003,5,9,1989,1,PE,M,22.0
16003,16004,5,9,1989,1,RM,M,9.0
16004,16005,5,9,1989,1,DO,F,39.0
16005,16006,5,9,1989,22,DM,M,48.0
16006,16007,5,9,1989,19,SH,F,73.0
16007,16008,5,9,1989,24,RM,M,12.0
16008,16009,5,10,1989,17,RM,M,10.0
16009,16010,5,10,1989,12,OL,M,38.0
16010,16011,5,10,1989,10,RF,M,13.0
16011,16012,5,10,1989,13,OL,M,30.0
16012,16013,5,10,1989,18,PM,F,18.0
16013,16014,5,10,1989,12,,,
16014,16015,5,10,1989,2,DO,F,42.0
16015,16016,5,10,1989,17,DM,F,34.0
16016,16017,5,10,1989,18,RM,F,8.0
16017,16018,5,10,1989,16,PE,F,27.0
16018,16019,5,10,1989,11,DM,M,48.0
16019,16020,5,10,1989,17,,F,78.0
16020,16021,5,10,1989,18,PM,M,20.0
16021,16022,5,10,1989,13,PE,F,24.0
16022,16023,5,10,1989,2,DO,M,56.0
16023,16024,5,10,1989,12,DM,M,47.0
16024,16025,5,10,1989,13,PE,M,21.0
16025,16026,5,10,1989,17,RM,M,10.0
16026,16027,5,10,1989,12,SH,M,89.0
16027,16028,5,10,1989,10,RM,M,8.0
16028,16029,5,10,1989,17,DO,M,56.0
16029,16030,5,10,1989,17,PE,F,20.0
16030,16031,5,10,1989,13,RM,M,10.0
16031,16032,5,10,1989,12,RM,M,11.0
16032,16033,5,10,1989,17,,F,88.0
16033,16034,5,10,1989,17,OT,F,34.0
16034,16035,5,10,1989,13,RM,M,10.0
16035,16036,5,10,1989,17,SH,M,26.0
16036,16037,5,10,1989,17,DO,F,47.0
16037,16038,5,10,1989,12,DM,M,39.0
16038,16039,5,10,1989,18,PM,F,22.0
16039,16040,5,10,1989,12,DO,F,56.0
16040,16041,5,10,1989,18,PM,F,20.0
16041,16042,5,10,1989,17,,F,85.0
16042,16043,5,11,1989,14,OL,M,39.0
16043,16044,5,11,1989,6,PP,M,22.0
16044,16045,5,11,1989,3,SH,F,43.0
16045,16046,5,11,1989,6,PP,F,19.0
16046,16047,5,11,1989,3,RM,F,8.0
16047,16048,5,11,1989,6,PP,M,19.0
16048,16049,5,11,1989,4,DM,F,41.0
16049,16050,5,11,1989,3,SH,F,123.0
16050,16051,5,11,1989,14,DM,M,50.0
16051,16052,5,11,1989,15,PE,M,21.0
16052,16053,5,11,1989,3,RM,M,10.0
16053,16054,5,11,1989,8,DM,F,24.0
16054,16055,5,11,1989,6,RM,F,10.0
16055,16056,5,11,1989,8,DS,M,108.0
16056,16057,5,11,1989,8,DM,F,43.0
16057,16058,5,11,1989,8,DM,F,55.0
16058,16059,5,11,1989,4,DM,F,39.0
16059,16060,5,11,1989,3,,M,203.0
16060,16061,5,11,1989,9,SS,,
16061,16062,5,11,1989,8,DM,M,26.0
16062,16063,5,11,1989,3,PE,F,32.0
16063,16064,5,11,1989,3,RM,F,10.0
16064,16065,5,11,1989,15,RM,M,11.0
16065,16066,5,11,1989,15,PE,M,15.0
16066,16067,5,11,1989,3,RM,M,9.0
16067,16068,5,11,1989,15,PE,F,25.0
16068,16069,5,11,1989,5,OL,M,36.0
16069,16070,5,11,1989,3,RM,F,6.0
16070,16071,5,11,1989,14,DM,M,29.0
16071,16072,5,11,1989,5,OT,F,29.0
16072,16073,5,11,1989,5,RM,M,10.0
16073,16074,5,11,1989,8,DM,M,45.0
16074,16075,5,11,1989,14,DM,M,44.0
16075,16076,5,11,1989,5,PE,F,26.0
16076,16077,5,11,1989,8,DM,M,47.0
16077,16078,5,11,1989,9,DM,F,43.0
16078,16079,5,11,1989,6,RF,F,10.0
16079,16080,5,11,1989,5,RM,F,11.0
16080,16081,5,11,1989,15,RM,F,10.0
16081,16082,5,11,1989,14,DM,F,35.0
16082,16083,5,11,1989,9,PE,M,16.0
16083,16084,5,11,1989,4,DM,M,34.0
16084,16085,5,11,1989,9,DM,M,48.0
16085,16086,5,11,1989,4,DM,F,40.0
16086,16087,5,11,1989,8,DM,M,48.0
16087,16088,5,11,1989,3,SH,F,42.0
16088,16089,6,3,1989,18,RF,M,11.0
16089,16090,6,3,1989,21,RM,F,13.0
16090,16091,6,3,1989,17,DM,F,41.0
16091,16092,6,3,1989,16,RM,F,8.0
16092,16093,6,3,1989,22,DM,F,52.0
16093,16094,6,3,1989,16,RM,F,8.0
16094,16095,6,3,1989,24,OT,F,26.0
16095,16096,6,3,1989,21,SH,M,45.0
16096,16097,6,3,1989,20,RM,M,9.0
16097,16098,6,3,1989,18,AH,,
16098,16099,6,3,1989,24,,F,148.0
16099,16100,6,3,1989,20,PE,M,16.0
16100,16101,6,3,1989,21,RM,,
16101,16102,6,3,1989,17,DO,F,49.0
16102,16103,6,3,1989,16,PE,M,21.0
16103,16104,6,3,1989,18,RM,F,9.0
16104,16105,6,3,1989,6,PM,M,18.0
16105,16106,6,3,1989,24,PE,M,21.0
16106,16107,6,3,1989,19,PM,M,20.0
16107,16108,6,3,1989,20,RM,M,10.0
16108,16109,6,3,1989,12,,F,57.0
16109,16110,6,3,1989,16,PE,F,
16110,16111,6,3,1989,12,,F,126.0
16111,16112,6,3,1989,16,RM,M,8.0
16112,16113,6,3,1989,1,DM,M,54.0
16113,16114,6,3,1989,20,RM,M,9.0
16114,16115,6,3,1989,23,RM,M,8.0
16115,16116,6,3,1989,21,SH,F,114.0
16116,16117,6,3,1989,17,RM,F,11.0
16117,16118,6,3,1989,1,DO,F,43.0
16118,16119,6,3,1989,16,RM,F,19.0
16119,16120,6,3,1989,21,,M,121.0
16120,16121,6,3,1989,18,AH,,
16121,16122,6,3,1989,19,PE,F,18.0
16122,16123,6,3,1989,22,DM,F,46.0
16123,16124,6,3,1989,12,RF,F,12.0
16124,16125,6,3,1989,20,,F,178.0
16125,16126,6,3,1989,1,RM,F,10.0
16126,16127,6,3,1989,18,PM,F,18.0
16127,16128,6,3,1989,18,AH,,
16128,16129,6,3,1989,22,DS,M,130.0
16129,16130,6,3,1989,17,RM,F,10.0
16130,16131,6,3,1989,6,RF,F,10.0
16131,16132,6,3,1989,17,DO,M,58.0
16132,16133,6,3,1989,17,RM,M,7.0
16133,16134,6,3,1989,1,DO,F,41.0
16134,16135,6,3,1989,20,DM,M,26.0
16135,16136,6,3,1989,18,RM,M,10.0
16136,16137,6,3,1989,16,RM,M,10.0
16137,16138,6,3,1989,19,PE,M,22.0
16138,16139,6,3,1989,17,SH,F,32.0
16139,16140,6,3,1989,18,PM,F,23.0
16140,16141,6,3,1989,22,PE,M,23.0
16141,16142,6,3,1989,21,RM,F,10.0
16142,16143,6,3,1989,12,DM,M,47.0
16143,16144,6,3,1989,20,RM,F,8.0
16144,16145,6,3,1989,24,RM,M,10.0
16145,16146,6,3,1989,20,OT,M,28.0
16146,16147,6,3,1989,1,PE,M,18.0
16147,16148,6,3,1989,22,PE,F,21.0
16148,16149,6,3,1989,20,OT,F,24.0
16149,16150,6,3,1989,19,PE,M,21.0
16150,16151,6,3,1989,24,,F,141.0
16151,16152,6,3,1989,19,SH,F,95.0
16152,16153,6,3,1989,22,DS,F,113.0
16153,16154,6,3,1989,20,RM,M,8.0
16154,16155,6,3,1989,17,RM,M,10.0
16155,16156,6,4,1989,4,DM,M,46.0
16156,16157,6,4,1989,7,RM,F,9.0
16157,16158,6,4,1989,3,SH,M,67.0
16158,16159,6,4,1989,3,RM,F,8.0
16159,16160,6,4,1989,4,SS,,
16160,16161,6,4,1989,8,DM,M,34.0
16161,16162,6,4,1989,14,DM,M,51.0
16162,16163,6,4,1989,2,SS,,
16163,16164,6,4,1989,3,SH,F,111.0
16164,16165,6,4,1989,13,RF,F,11.0
16165,16166,6,4,1989,9,PE,M,18.0
16166,16167,6,4,1989,3,SH,F,60.0
16167,16168,6,4,1989,2,DO,F,44.0
16168,16169,6,4,1989,4,DM,F,25.0
16169,16170,6,4,1989,8,DS,M,113.0
16170,16171,6,4,1989,10,RM,F,11.0
16171,16172,6,4,1989,11,DM,M,
16172,16173,6,4,1989,8,DM,F,41.0
16173,16174,6,4,1989,15,PE,M,20.0
16174,16175,6,4,1989,15,AH,,
16175,16176,6,4,1989,9,OL,M,32.0
16176,16177,6,4,1989,15,PE,F,14.0
16177,16178,6,4,1989,3,RM,M,10.0
16178,16179,6,4,1989,13,RM,M,10.0
16179,16180,6,4,1989,3,RM,F,8.0
16180,16181,6,4,1989,4,DM,F,37.0
16181,16182,6,4,1989,2,DO,M,54.0
16182,16183,6,4,1989,15,PE,F,18.0
16183,16184,6,4,1989,15,AH,,
16184,16185,6,4,1989,7,RM,M,12.0
16185,16186,6,4,1989,9,DM,F,49.0
16186,16187,6,4,1989,11,RM,M,10.0
16187,16188,6,4,1989,9,SS,,
16188,16189,6,4,1989,5,RM,F,12.0
16189,16190,6,4,1989,14,DM,M,45.0
16190,16191,6,4,1989,9,DM,M,44.0
16191,16192,6,4,1989,14,,M,104.0
16192,16193,6,4,1989,8,DM,M,46.0
16193,16194,6,4,1989,4,DM,M,36.0
16194,16195,6,4,1989,9,OL,F,19.0
16195,16196,6,4,1989,8,DM,M,47.0
16196,16197,6,4,1989,15,RM,M,12.0
16197,16198,6,4,1989,5,PP,M,22.0
16198,16199,6,4,1989,3,RM,M,9.0
16199,16200,6,4,1989,13,PE,M,14.0
16200,16201,6,4,1989,8,DM,F,38.0
16201,16202,6,4,1989,14,PE,M,18.0
16202,16203,6,4,1989,4,DM,F,42.0
16203,16204,6,4,1989,14,DM,M,40.0
16204,16205,6,4,1989,7,PE,M,23.0
16205,16206,6,4,1989,4,DM,M,37.0
16206,16207,6,4,1989,5,OL,M,31.0
16207,16208,6,4,1989,9,DM,M,52.0
16208,16209,6,4,1989,8,DM,M,44.0
16209,16210,6,4,1989,15,RM,F,5.0
16210,16211,6,4,1989,13,PE,F,21.0
16211,16212,6,4,1989,5,PE,M,21.0
16212,16213,6,4,1989,11,DM,M,45.0
16213,16214,6,4,1989,10,RM,M,11.0
16214,16215,7,3,1989,21,RM,,
16215,16216,7,3,1989,7,RM,M,10.0
16216,16217,7,3,1989,7,PE,M,20.0
16217,16218,7,3,1989,1,SS,,
16218,16219,7,3,1989,12,RF,M,15.0
16219,16220,7,3,1989,17,DO,F,47.0
16220,16221,7,3,1989,21,SH,F,120.0
16221,16222,7,3,1989,24,,F,207.0
16222,16223,7,3,1989,7,RM,F,10.0
16223,16224,7,3,1989,12,,F,
16224,16225,7,3,1989,18,PM,F,15.0
16225,16226,7,3,1989,17,RM,F,11.0
16226,16227,7,3,1989,17,SS,,
16227,16228,7,3,1989,21,SH,M,61.0
16228,16229,7,3,1989,7,RM,F,10.0
16229,16230,7,3,1989,7,AH,,
16230,16231,7,3,1989,17,,M,84.0
16231,16232,7,3,1989,21,,M,145.0
16232,16233,7,3,1989,20,RF,F,11.0
16233,16234,7,3,1989,1,DM,M,42.0
16234,16235,7,3,1989,12,OX,M,20.0
16235,16236,7,3,1989,7,RM,,
16236,16237,7,3,1989,20,RM,M,10.0
16237,16238,7,3,1989,19,SH,F,80.0
16238,16239,7,3,1989,17,RM,M,10.0
16239,16240,7,3,1989,12,AH,,
16240,16241,7,3,1989,20,,M,131.0
16241,16242,7,3,1989,7,AH,,
16242,16243,7,3,1989,6,RF,F,9.0
16243,16244,7,3,1989,12,DM,M,48.0
16244,16245,7,3,1989,23,RM,F,11.0
16245,16246,7,3,1989,22,DS,M,
16246,16247,7,3,1989,21,RM,F,9.0
16247,16248,7,3,1989,7,PE,F,24.0
16248,16249,7,3,1989,1,SS,,
16249,16250,7,3,1989,22,DM,F,44.0
16250,16251,7,3,1989,23,RM,M,10.0
16251,16252,7,3,1989,18,PM,F,23.0
16252,16253,7,3,1989,17,,F,73.0
16253,16254,7,3,1989,1,DO,F,47.0
16254,16255,7,3,1989,22,DS,F,119.0
16255,16256,7,3,1989,1,OL,M,36.0
16256,16257,7,3,1989,1,SS,,
16257,16258,7,3,1989,17,OT,M,22.0
16258,16259,7,3,1989,24,RM,M,9.0
16259,16260,7,3,1989,12,AH,,
16260,16261,7,3,1989,21,,F,160.0
16261,16262,7,3,1989,24,SS,,
16262,16263,7,3,1989,23,AH,,
16263,16264,7,3,1989,12,RF,F,14.0
16264,16265,7,3,1989,22,PE,F,19.0
16265,16266,7,3,1989,18,RM,F,10.0
16266,16267,7,3,1989,20,DM,M,46.0
16267,16268,7,3,1989,19,PE,M,21.0
16268,16269,7,3,1989,17,SH,F,51.0
16269,16270,7,3,1989,24,,F,
16270,16271,7,3,1989,21,RM,F,10.0
16271,16272,7,4,1989,4,DM,F,43.0
16272,16273,7,4,1989,11,DM,F,30.0
16273,16274,7,4,1989,9,DM,M,46.0
16274,16275,7,4,1989,3,SH,F,105.0
16275,16276,7,4,1989,11,DO,F,52.0
16276,16277,7,4,1989,15,PE,M,16.0
16277,16278,7,4,1989,14,DM,M,44.0
16278,16279,7,4,1989,3,RM,F,9.0
16279,16280,7,4,1989,3,OT,M,23.0
16280,16281,7,4,1989,9,RM,F,9.0
16281,16282,7,4,1989,16,RM,F,8.0
16282,16283,7,4,1989,9,OT,M,25.0
16283,16284,7,4,1989,4,DM,F,23.0
16284,16285,7,4,1989,16,PE,F,22.0
16285,16286,7,4,1989,2,DO,F,43.0
16286,16287,7,4,1989,8,DS,M,102.0
16287,16288,7,4,1989,15,AH,,
16288,16289,7,4,1989,8,DM,M,46.0
16289,16290,7,4,1989,8,DM,F,45.0
16290,16291,7,4,1989,14,DM,M,41.0
16291,16292,7,4,1989,2,DM,M,46.0
16292,16293,7,4,1989,16,PE,M,21.0
16293,16294,7,4,1989,8,AH,,
16294,16295,7,4,1989,11,PP,M,16.0
16295,16296,7,4,1989,9,SS,,
16296,16297,7,4,1989,14,SA,,
16297,16298,7,4,1989,2,SH,M,82.0
16298,16299,7,4,1989,3,SS,,
16299,16300,7,4,1989,5,RM,F,13.0
16300,16301,7,4,1989,9,DM,M,52.0
16301,16302,7,4,1989,9,DM,F,50.0
16302,16303,7,4,1989,3,PP,M,
16303,16304,7,4,1989,4,DM,F,42.0
16304,16305,7,4,1989,5,RM,F,10.0
16305,16306,7,4,1989,8,DM,F,32.0
16306,16307,7,4,1989,13,RM,M,10.0
16307,16308,7,4,1989,3,SH,M,26.0
16308,16309,7,4,1989,14,DM,M,46.0
16309,16310,7,4,1989,8,OL,F,18.0
16310,16311,7,4,1989,2,DO,M,58.0
16311,16312,7,4,1989,15,RM,F,10.0
16312,16313,7,4,1989,14,,M,116.0
16313,16314,7,4,1989,13,RF,F,13.0
16314,16315,7,4,1989,9,SS,,
16315,16316,7,4,1989,8,DM,M,48.0
16316,16317,7,4,1989,3,RM,F,9.0
16317,16318,7,4,1989,3,RM,M,11.0
16318,16319,7,4,1989,11,OT,M,14.0
16319,16320,7,4,1989,4,DM,F,51.0
16320,16321,7,4,1989,5,PP,M,17.0
16321,16322,7,4,1989,11,DM,M,47.0
16322,16323,7,4,1989,10,RM,F,8.0
16323,16324,7,4,1989,8,DM,M,
16324,16325,7,29,1989,17,OT,M,22.0
16325,16326,7,29,1989,24,OT,F,19.0
16326,16327,7,29,1989,12,OT,F,18.0
16327,16328,7,29,1989,6,PP,F,19.0
16328,16329,7,29,1989,12,PE,M,22.0
16329,16330,7,29,1989,17,DM,F,40.0
16330,16331,7,29,1989,7,PE,,
16331,16332,7,29,1989,6,PP,M,10.0
16332,16333,7,29,1989,19,SH,F,30.0
16333,16334,7,29,1989,12,RM,,
16334,16335,7,29,1989,20,,M,88.0
16335,16336,7,29,1989,12,OT,M,
16336,16337,7,29,1989,20,DM,M,26.0
16337,16338,7,29,1989,24,RM,F,16.0
16338,16339,7,29,1989,1,DO,F,50.0
16339,16340,7,29,1989,20,,M,132.0
16340,16341,7,29,1989,22,DS,F,102.0
16341,16342,7,29,1989,21,RM,F,11.0
16342,16343,7,29,1989,1,DM,M,46.0
16343,16344,7,29,1989,20,DM,F,45.0
16344,16345,7,29,1989,20,RM,F,13.0
16345,16346,7,29,1989,20,DM,M,
16346,16347,7,29,1989,12,DM,M,49.0
16347,16348,7,29,1989,17,DM,M,51.0
16348,16349,7,29,1989,1,DO,F,47.0
16349,16350,7,29,1989,21,,M,77.0
16350,16351,7,29,1989,7,PE,M,21.0
16351,16352,7,29,1989,12,DO,F,52.0
16352,16353,7,29,1989,1,PP,M,18.0
16353,16354,7,29,1989,6,PE,M,23.0
16354,16355,7,29,1989,12,PE,M,14.0
16355,16356,7,29,1989,18,PM,F,25.0
16356,16357,7,29,1989,23,,,
16357,16358,7,30,1989,3,SH,M,31.0
16358,16359,7,30,1989,13,PP,F,19.0
16359,16360,7,30,1989,10,RM,M,11.0
16360,16361,7,30,1989,5,OT,M,29.0
16361,16362,7,30,1989,9,DO,F,38.0
16362,16363,7,30,1989,15,PE,M,18.0
16363,16364,7,30,1989,11,DO,F,42.0
16364,16365,7,30,1989,9,DM,F,44.0
16365,16366,7,30,1989,10,RM,M,11.0
16366,16367,7,30,1989,3,PP,M,17.0
16367,16368,7,30,1989,8,DM,F,51.0
16368,16369,7,30,1989,8,DM,F,23.0
16369,16370,7,30,1989,3,OT,F,27.0
16370,16371,7,30,1989,5,RM,F,14.0
16371,16372,7,30,1989,11,DO,F,42.0
16372,16373,7,30,1989,8,DS,M,
16373,16374,7,30,1989,2,DO,F,48.0
16374,16375,7,30,1989,9,OL,F,31.0
16375,16376,7,30,1989,4,DM,M,28.0
16376,16377,7,30,1989,2,DM,F,51.0
16377,16378,7,30,1989,14,DM,M,52.0
16378,16379,7,30,1989,3,RM,M,11.0
16379,16380,7,30,1989,4,DM,F,44.0
16380,16381,7,30,1989,14,DM,F,41.0
16381,16382,7,30,1989,2,RF,F,16.0
16382,16383,7,30,1989,8,DM,M,46.0
16383,16384,7,30,1989,2,DO,M,58.0
16384,16385,7,30,1989,4,DM,F,40.0
16385,16386,7,30,1989,14,SS,,
16386,16387,7,30,1989,3,RM,F,12.0
16387,16388,7,30,1989,3,PP,F,18.0
16388,16389,7,30,1989,4,DM,M,47.0
16389,16390,7,30,1989,14,DM,M,43.0
16390,16391,7,30,1989,13,PE,F,21.0
16391,16392,7,30,1989,3,RM,M,11.0
16392,16393,7,30,1989,5,PP,M,17.0
16393,16394,7,30,1989,4,DM,M,47.0
16394,16395,7,30,1989,14,DM,M,47.0
16395,16396,7,30,1989,14,DM,F,47.0
16396,16397,7,30,1989,5,PE,F,26.0
16397,16398,7,30,1989,14,,M,151.0
16398,16399,7,30,1989,11,DM,M,49.0
16399,16400,7,30,1989,2,PP,M,17.0
16400,16401,7,30,1989,9,DM,M,56.0
16401,16402,7,30,1989,8,DM,M,48.0
16402,16403,7,30,1989,14,OT,M,31.0
16403,16404,7,30,1989,13,AH,,
16404,16405,7,30,1989,11,RM,F,8.0
16405,16406,7,30,1989,14,DM,M,50.0
16406,16407,7,30,1989,2,,F,97.0
16407,16408,7,30,1989,4,DM,M,45.0
16408,16409,7,30,1989,9,DM,M,52.0
16409,16410,7,30,1989,16,RM,F,15.0
16410,16411,7,30,1989,2,OT,M,22.0
16411,16412,7,30,1989,2,DO,F,43.0
16412,16413,7,30,1989,4,DM,F,44.0
16413,16414,7,30,1989,8,DM,F,36.0
16414,16415,7,30,1989,14,DM,F,42.0
16415,16416,9,3,1989,1,DM,F,
16416,16417,9,3,1989,6,PP,M,17.0
16417,16418,9,3,1989,1,OL,M,29.0
16418,16419,9,3,1989,12,OT,M,22.0
16419,16420,9,3,1989,17,DO,F,66.0
16420,16421,9,3,1989,18,PP,F,15.0
16421,16422,9,3,1989,6,PF,M,7.0
16422,16423,9,3,1989,12,DO,F,51.0
16423,16424,9,3,1989,17,OT,M,24.0
16424,16425,9,3,1989,6,PF,F,7.0
16425,16426,9,3,1989,21,SH,F,127.0
16426,16427,9,3,1989,1,PP,M,17.0
16427,16428,9,3,1989,23,OT,M,27.0
16428,16429,9,3,1989,17,DO,F,23.0
16429,16430,9,3,1989,12,OT,F,22.0
16430,16431,9,3,1989,1,DO,F,54.0
16431,16432,9,3,1989,22,DM,F,58.0
16432,16433,9,3,1989,1,OT,F,22.0
16433,16434,9,3,1989,12,PE,M,23.0
16434,16435,9,3,1989,22,DM,F,36.0
16435,16436,9,3,1989,1,OT,F,30.0
16436,16437,9,3,1989,12,OT,M,29.0
16437,16438,9,3,1989,17,SS,,
16438,16439,9,3,1989,1,OT,M,28.0
16439,16440,9,3,1989,1,DO,M,52.0
16440,16441,9,3,1989,22,DS,F,121.0
16441,16442,9,3,1989,1,DM,M,48.0
16442,16443,9,3,1989,12,DM,M,49.0
16443,16444,9,3,1989,23,OT,F,27.0
16444,16445,9,3,1989,6,PE,F,28.0
16445,16446,9,3,1989,17,,F,118.0
16446,16447,9,3,1989,6,PP,F,18.0
16447,16448,9,3,1989,12,DO,F,54.0
16448,16449,9,3,1989,19,OT,F,25.0
16449,16450,9,3,1989,19,PE,F,23.0
16450,16451,9,3,1989,19,SH,F,100.0
16451,16452,9,3,1989,7,,,
16452,16453,9,3,1989,20,,,
16453,16454,9,3,1989,24,,,
16454,16455,9,4,1989,11,DO,F,37.0
16455,16456,9,4,1989,9,DO,F,49.0
16456,16457,9,4,1989,16,PE,F,27.0
16457,16458,9,4,1989,4,DM,F,40.0
16458,16459,9,4,1989,9,DO,M,50.0
16459,16460,9,4,1989,8,DM,M,46.0
16460,16461,9,4,1989,13,OT,M,22.0
16461,16462,9,4,1989,3,,M,208.0
16462,16463,9,4,1989,8,DM,M,49.0
16463,16464,9,4,1989,3,PP,F,16.0
16464,16465,9,4,1989,14,DM,M,50.0
16465,16466,9,4,1989,8,DM,F,55.0
16466,16467,9,4,1989,8,PP,F,15.0
16467,16468,9,4,1989,2,DO,F,45.0
16468,16469,9,4,1989,9,DM,F,42.0
16469,16470,9,4,1989,9,DM,M,53.0
16470,16471,9,4,1989,3,SH,F,96.0
16471,16472,9,4,1989,2,DO,M,56.0
16472,16473,9,4,1989,3,SH,M,16.0
16473,16474,9,4,1989,14,DM,M,46.0
16474,16475,9,4,1989,5,OT,F,22.0
16475,16476,9,4,1989,8,DM,F,42.0
16476,16477,9,4,1989,14,DM,F,43.0
16477,16478,9,4,1989,8,PP,M,13.0
16478,16479,9,4,1989,14,DO,M,45.0
16479,16480,9,4,1989,4,DM,M,47.0
16480,16481,9,4,1989,14,AH,,
16481,16482,9,4,1989,3,PP,M,16.0
16482,16483,9,4,1989,11,DM,F,42.0
16483,16484,9,4,1989,8,OL,M,27.0
16484,16485,9,4,1989,8,DM,M,44.0
16485,16486,9,4,1989,4,DM,F,40.0
16486,16487,9,4,1989,11,DM,M,48.0
16487,16488,9,4,1989,10,,,
16488,16489,9,4,1989,15,,,
16489,16490,10,7,1989,21,,M,167.0
16490,16491,10,7,1989,22,DM,M,50.0
16491,16492,10,7,1989,8,DM,F,25.0
16492,16493,10,7,1989,3,OT,F,23.0
16493,16494,10,7,1989,9,DO,F,49.0
16494,16495,10,7,1989,2,DO,F,46.0
16495,16496,10,7,1989,18,AH,,
16496,16497,10,7,1989,8,DM,M,47.0
16497,16498,10,7,1989,2,PE,M,21.0
16498,16499,10,7,1989,9,OT,M,20.0
16499,16500,10,7,1989,8,DM,M,47.0
16500,16501,10,7,1989,9,OT,F,23.0
16501,16502,10,7,1989,3,OT,M,21.0
16502,16503,10,7,1989,11,OT,M,25.0
16503,16504,10,7,1989,9,DM,M,55.0
16504,16505,10,7,1989,8,DM,F,43.0
16505,16506,10,7,1989,11,PE,M,15.0
16506,16507,10,7,1989,22,DM,M,52.0
16507,16508,10,7,1989,8,OL,F,36.0
16508,16509,10,7,1989,22,PE,F,23.0
16509,16510,10,7,1989,2,DO,M,58.0
16510,16511,10,7,1989,8,DM,F,25.0
16511,16512,10,7,1989,18,PP,F,15.0
16512,16513,10,7,1989,2,SH,F,140.0
16513,16514,10,7,1989,8,OT,M,28.0
16514,16515,10,7,1989,22,DS,F,115.0
16515,16516,10,7,1989,11,SH,M,38.0
16516,16517,10,7,1989,22,DM,F,39.0
16517,16518,10,7,1989,11,DM,F,47.0
16518,16519,10,7,1989,3,RF,F,16.0
16519,16520,10,7,1989,3,OT,M,22.0
16520,16521,10,7,1989,11,DM,M,36.0
16521,16522,10,7,1989,8,DO,F,43.0
16522,16523,10,7,1989,20,RM,F,12.0
16523,16524,10,7,1989,3,PP,M,18.0
16524,16525,10,7,1989,18,AB,,
16525,16526,10,7,1989,20,,M,92.0
16526,16527,10,7,1989,18,RM,F,11.0
16527,16528,10,7,1989,21,RM,M,9.0
16528,16529,10,7,1989,9,DM,M,42.0
16529,16530,10,7,1989,2,SS,,
16530,16531,10,7,1989,9,DM,F,43.0
16531,16532,10,7,1989,3,SH,F,47.0
16532,16533,10,7,1989,8,DM,F,45.0
16533,16534,10,7,1989,8,DM,M,48.0
16534,16535,10,7,1989,21,RF,F,18.0
16535,16536,10,7,1989,11,DM,M,50.0
16536,16537,10,7,1989,21,OT,F,28.0
16537,16538,10,7,1989,22,PE,M,20.0
16538,16539,10,7,1989,10,,,
16539,16540,10,8,1989,24,DO,M,60.0
16540,16541,10,8,1989,6,PP,F,18.0
16541,16542,10,8,1989,17,DO,F,50.0
16542,16543,10,8,1989,6,PE,F,27.0
16543,16544,10,8,1989,19,RM,F,9.0
16544,16545,10,8,1989,6,DM,M,40.0
16545,16546,10,8,1989,12,,F,185.0
16546,16547,10,8,1989,12,PP,M,15.0
16547,16548,10,8,1989,6,PP,M,14.0
16548,16549,10,8,1989,14,DM,M,53.0
16549,16550,10,8,1989,17,OT,M,22.0
16550,16551,10,8,1989,19,OT,M,22.0
16551,16552,10,8,1989,17,RM,F,8.0
16552,16553,10,8,1989,17,DO,M,48.0
16553,16554,10,8,1989,15,PE,F,24.0
16554,16555,10,8,1989,13,PP,M,14.0
16555,16556,10,8,1989,4,DM,F,39.0
16556,16557,10,8,1989,12,AB,,
16557,16558,10,8,1989,4,DM,F,46.0
16558,16559,10,8,1989,19,PE,M,23.0
16559,16560,10,8,1989,1,OT,F,23.0
16560,16561,10,8,1989,24,PE,M,23.0
16561,16562,10,8,1989,13,PF,M,7.0
16562,16563,10,8,1989,5,PF,F,7.0
16563,16564,10,8,1989,15,AH,,
16564,16565,10,8,1989,1,DM,M,48.0
16565,16566,10,8,1989,7,AB,,
16566,16567,10,8,1989,7,RM,M,10.0
16567,16568,10,8,1989,4,PF,F,9.0
16568,16569,10,8,1989,1,DO,F,52.0
16569,16570,10,8,1989,17,DO,M,56.0
16570,16571,10,8,1989,1,OT,M,14.0
16571,16572,10,8,1989,13,AH,,
16572,16573,10,8,1989,12,PE,M,20.0
16573,16574,10,8,1989,23,PE,M,21.0
16574,16575,10,8,1989,4,DM,M,35.0
16575,16576,10,8,1989,5,RM,M,13.0
16576,16577,10,8,1989,14,DM,M,48.0
16577,16578,10,8,1989,14,DM,F,43.0
16578,16579,10,8,1989,1,DO,M,56.0
16579,16580,10,8,1989,4,DS,M,126.0
16580,16581,10,8,1989,17,,F,149.0
16581,16582,10,8,1989,12,DM,M,49.0
16582,16583,10,8,1989,7,RM,F,7.0
16583,16584,10,8,1989,4,DM,M,47.0
16584,16585,10,8,1989,14,DO,M,53.0
16585,16586,10,8,1989,12,OT,M,26.0
16586,16587,10,8,1989,4,DM,F,45.0
16587,16588,10,8,1989,19,PE,F,23.0
16588,16589,10,8,1989,6,PE,M,23.0
16589,16590,10,8,1989,16,RM,F,15.0
16590,16591,11,4,1989,12,PP,M,15.0
16591,16592,11,4,1989,17,RM,M,10.0
16592,16593,11,4,1989,21,RM,M,12.0
16593,16594,11,4,1989,7,RM,F,9.0
16594,16595,11,4,1989,22,DM,M,50.0
16595,16596,11,4,1989,21,RM,M,10.0
16596,16597,11,4,1989,21,OT,M,35.0
16597,16598,11,4,1989,21,BA,M,7.0
16598,16599,11,4,1989,21,BA,M,6.0
16599,16600,11,4,1989,6,PE,F,25.0
16600,16601,11,4,1989,19,PF,F,7.0
16601,16602,11,4,1989,6,OT,F,28.0
16602,16603,11,4,1989,19,RM,F,10.0
16603,16604,11,4,1989,21,RM,,
16604,16605,11,4,1989,7,PE,F,22.0
16605,16606,11,4,1989,12,,F,190.0
16606,16607,11,4,1989,12,RF,F,17.0
16607,16608,11,4,1989,23,RM,M,8.0
16608,16609,11,4,1989,18,RM,F,7.0
16609,16610,11,4,1989,7,PE,M,24.0
16610,16611,11,4,1989,21,AB,,
16611,16612,11,4,1989,1,DO,M,52.0
16612,16613,11,4,1989,12,OT,M,32.0
16613,16614,11,4,1989,23,RM,M,11.0
16614,16615,11,4,1989,7,PE,M,22.0
16615,16616,11,4,1989,23,RM,M,12.0
16616,16617,11,4,1989,17,DO,M,45.0
16617,16618,11,4,1989,21,AB,,
16618,16619,11,4,1989,20,,M,128.0
16619,16620,11,4,1989,7,PE,M,
16620,16621,11,4,1989,7,RM,M,10.0
16621,16622,11,4,1989,1,OT,M,27.0
16622,16623,11,4,1989,19,RM,F,7.0
16623,16624,11,4,1989,17,DO,M,55.0
16624,16625,11,4,1989,19,PE,M,19.0
16625,16626,11,4,1989,1,,F,156.0
16626,16627,11,4,1989,24,RF,F,12.0
16627,16628,11,4,1989,12,OT,F,27.0
16628,16629,11,4,1989,22,PH,F,29.0
16629,16630,11,4,1989,21,RM,M,7.0
16630,16631,11,4,1989,17,DM,M,38.0
16631,16632,11,4,1989,20,RM,F,8.0
16632,16633,11,4,1989,18,PF,F,7.0
16633,16634,11,4,1989,17,PE,,
16634,16635,11,4,1989,22,DS,F,115.0
16635,16636,11,4,1989,7,RM,F,8.0
16636,16637,11,4,1989,12,DO,F,56.0
16637,16638,11,4,1989,24,RM,F,11.0
16638,16639,11,4,1989,18,RM,F,11.0
16639,16640,11,4,1989,21,OT,F,27.0
16640,16641,11,4,1989,6,PF,M,7.0
16641,16642,11,4,1989,17,,F,157.0
16642,16643,11,4,1989,1,OT,F,26.0
16643,16644,11,4,1989,21,,,
16644,16645,11,4,1989,1,DO,F,53.0
16645,16646,11,4,1989,18,RM,M,13.0
16646,16647,11,4,1989,22,PE,M,17.0
16647,16648,11,4,1989,1,DM,M,46.0
16648,16649,11,4,1989,6,PP,M,15.0
16649,16650,11,4,1989,12,DO,M,49.0
16650,16651,11,4,1989,17,DO,F,55.0
16651,16652,11,4,1989,7,RF,F,15.0
16652,16653,11,4,1989,24,PE,F,23.0
16653,16654,11,4,1989,19,RM,F,13.0
16654,16655,11,4,1989,1,DO,F,52.0
16655,16656,11,4,1989,19,PE,F,23.0
16656,16657,11,4,1989,6,PE,M,24.0
16657,16658,11,4,1989,12,OT,M,24.0
16658,16659,11,4,1989,19,SF,M,50.0
16659,16660,11,4,1989,22,DM,M,50.0
16660,16661,11,5,1989,9,DO,M,51.0
16661,16662,11,5,1989,3,RM,F,10.0
16662,16663,11,5,1989,14,DM,M,41.0
16663,16664,11,5,1989,2,DO,F,46.0
16664,16665,11,5,1989,4,PF,F,8.0
16665,16666,11,5,1989,9,DO,F,48.0
16666,16667,11,5,1989,14,DM,M,46.0
16667,16668,11,5,1989,3,RM,F,13.0
16668,16669,11,5,1989,11,SF,F,46.0
16669,16670,11,5,1989,8,OT,F,18.0
16670,16671,11,5,1989,9,DM,M,55.0
16671,16672,11,5,1989,3,OT,F,24.0
16672,16673,11,5,1989,8,DM,F,39.0
16673,16674,11,5,1989,16,RM,M,11.0
16674,16675,11,5,1989,8,OL,M,20.0
16675,16676,11,5,1989,15,PE,F,26.0
16676,16677,11,5,1989,8,OL,F,33.0
16677,16678,11,5,1989,14,AH,,
16678,16679,11,5,1989,13,OT,F,17.0
16679,16680,11,5,1989,4,DM,F,48.0
16680,16681,11,5,1989,8,OL,M,20.0
16681,16682,11,5,1989,13,PP,M,14.0
16682,16683,11,5,1989,8,DM,M,46.0
16683,16684,11,5,1989,14,RM,M,9.0
16684,16685,11,5,1989,3,RM,M,8.0
16685,16686,11,5,1989,4,DM,F,47.0
16686,16687,11,5,1989,8,OL,F,19.0
16687,16688,11,5,1989,15,AH,,
16688,16689,11,5,1989,4,DM,F,35.0
16689,16690,11,5,1989,5,OT,M,30.0
16690,16691,11,5,1989,11,AB,,
16691,16692,11,5,1989,16,RM,F,8.0
16692,16693,11,5,1989,2,PE,M,23.0
16693,16694,11,5,1989,11,DM,M,53.0
16694,16695,11,5,1989,8,DM,F,45.0
16695,16696,11,5,1989,15,OT,F,23.0
16696,16697,11,5,1989,14,DM,M,43.0
16697,16698,11,5,1989,14,DM,M,43.0
16698,16699,11,5,1989,2,SH,M,42.0
16699,16700,11,5,1989,11,OT,M,25.0
16700,16701,11,5,1989,5,RF,F,17.0
16701,16702,11,5,1989,14,DM,M,
16702,16703,11,5,1989,4,DS,M,115.0
16703,16704,11,5,1989,2,OT,M,22.0
16704,16705,11,5,1989,5,PF,F,7.0
16705,16706,11,5,1989,3,RM,M,9.0
16706,16707,11,5,1989,3,PP,M,16.0
16707,16708,11,5,1989,2,OT,F,23.0
16708,16709,11,5,1989,2,PE,F,25.0
16709,16710,11,5,1989,8,DM,M,46.0
16710,16711,11,5,1989,14,RM,F,11.0
16711,16712,11,5,1989,2,DO,M,59.0
16712,16713,11,5,1989,11,DM,M,45.0
16713,16714,11,5,1989,8,DM,M,50.0
16714,16715,11,5,1989,4,DM,M,44.0
16715,16716,11,5,1989,11,RM,F,10.0
16716,16717,11,5,1989,9,DM,F,30.0
16717,16718,11,5,1989,9,OT,F,24.0
16718,16719,11,5,1989,13,RM,F,10.0
16719,16720,11,5,1989,3,PP,M,17.0
16720,16721,11,5,1989,8,OL,M,33.0
16721,16722,11,5,1989,14,DO,F,48.0
16722,16723,11,5,1989,14,DO,M,50.0
16723,16724,11,5,1989,9,DM,M,44.0
16724,16725,11,5,1989,8,DO,M,53.0
16725,16726,11,5,1989,11,PE,M,18.0
16726,16727,11,5,1989,9,DM,F,44.0
16727,16728,11,5,1989,10,RM,M,10.0
16728,16729,11,5,1989,2,PP,M,15.0
16729,16730,11,5,1989,4,DM,F,48.0
16730,16731,12,4,1989,21,RM,M,10.0
16731,16732,12,4,1989,19,AB,,
16732,16733,12,4,1989,7,RM,M,11.0
16733,16734,12,4,1989,12,RM,M,8.0
16734,16735,12,4,1989,6,PP,M,17.0
16735,16736,12,4,1989,24,RM,F,10.0
16736,16737,12,4,1989,7,RM,F,8.0
16737,16738,12,4,1989,22,DM,M,47.0
16738,16739,12,4,1989,23,AB,,
16739,16740,12,4,1989,12,DO,F,47.0
16740,16741,12,4,1989,6,OL,M,31.0
16741,16742,12,4,1989,7,PE,M,20.0
16742,16743,12,4,1989,1,OT,F,19.0
16743,16744,12,4,1989,21,SF,M,49.0
16744,16745,12,4,1989,12,SF,F,82.0
16745,16746,12,4,1989,6,PF,M,7.0
16746,16747,12,4,1989,12,OT,M,24.0
16747,16748,12,4,1989,19,RM,F,8.0
16748,16749,12,4,1989,12,RF,F,15.0
16749,16750,12,4,1989,17,DO,M,40.0
16750,16751,12,4,1989,21,RM,M,6.0
16751,16752,12,4,1989,7,RM,F,10.0
16752,16753,12,4,1989,21,,M,190.0
16753,16754,12,4,1989,12,RM,F,10.0
16754,16755,12,4,1989,1,DM,M,49.0
16755,16756,12,4,1989,19,PE,M,21.0
16756,16757,12,4,1989,17,PE,F,21.0
16757,16758,12,4,1989,12,DO,M,55.0
16758,16759,12,4,1989,6,AB,,
16759,16760,12,4,1989,19,PE,F,27.0
16760,16761,12,4,1989,12,OT,M,28.0
16761,16762,12,4,1989,20,RM,F,14.0
16762,16763,12,4,1989,17,DO,F,47.0
16763,16764,12,4,1989,12,RM,M,10.0
16764,16765,12,4,1989,21,RM,F,10.0
16765,16766,12,4,1989,19,RM,M,10.0
16766,16767,12,4,1989,19,RM,F,11.0
16767,16768,12,4,1989,17,RM,F,12.0
16768,16769,12,4,1989,7,AB,,
16769,16770,12,4,1989,22,DS,F,110.0
16770,16771,12,4,1989,18,AB,,
16771,16772,12,4,1989,12,AB,,
16772,16773,12,4,1989,7,RM,M,12.0
16773,16774,12,4,1989,19,PF,F,7.0
16774,16775,12,4,1989,19,PF,M,7.0
16775,16776,12,4,1989,17,DO,F,50.0
16776,16777,12,4,1989,7,AB,,
16777,16778,12,4,1989,12,DO,F,56.0
16778,16779,12,4,1989,19,RM,M,12.0
16779,16780,12,4,1989,17,DM,M,43.0
16780,16781,12,4,1989,22,DM,M,52.0
16781,16782,12,4,1989,6,RM,F,10.0
16782,16783,12,4,1989,17,RM,M,10.0
16783,16784,12,4,1989,7,RM,F,9.0
16784,16785,12,4,1989,1,DO,F,53.0
16785,16786,12,4,1989,19,RM,F,9.0
16786,16787,12,4,1989,17,RM,F,13.0
16787,16788,12,4,1989,1,DO,M,56.0
16788,16789,12,4,1989,22,PH,F,32.0
16789,16790,12,4,1989,23,RM,F,10.0
16790,16791,12,4,1989,21,RM,F,12.0
16791,16792,12,4,1989,21,RM,F,13.0
16792,16793,12,4,1989,18,RM,M,14.0
16793,16794,12,4,1989,7,RM,M,6.0
16794,16795,12,4,1989,21,RM,M,9.0
16795,16796,12,4,1989,17,,F,158.0
16796,16797,12,4,1989,7,PE,M,19.0
16797,16798,12,4,1989,6,RM,F,11.0
16798,16799,12,4,1989,24,RF,F,14.0
16799,16800,12,4,1989,19,RM,F,10.0
16800,16801,12,4,1989,17,PE,M,21.0
16801,16802,12,4,1989,18,PE,M,18.0
16802,16803,12,5,1989,3,OT,M,24.0
16803,16804,12,5,1989,4,RM,F,9.0
16804,16805,12,5,1989,9,DO,M,49.0
16805,16806,12,5,1989,8,RM,F,6.0
16806,16807,12,5,1989,16,RM,M,9.0
16807,16808,12,5,1989,10,AB,,
16808,16809,12,5,1989,13,RF,F,14.0
16809,16810,12,5,1989,15,PE,M,14.0
16810,16811,12,5,1989,3,RM,F,7.0
16811,16812,12,5,1989,10,RM,F,12.0
16812,16813,12,5,1989,14,DM,M,40.0
16813,16814,12,5,1989,9,DO,F,51.0
16814,16815,12,5,1989,15,PE,F,15.0
16815,16816,12,5,1989,2,PE,F,20.0
16816,16817,12,5,1989,4,DM,F,39.0
16817,16818,12,5,1989,5,RM,F,8.0
16818,16819,12,5,1989,11,SF,F,47.0
16819,16820,12,5,1989,16,RM,F,9.0
16820,16821,12,5,1989,4,DM,F,43.0
16821,16822,12,5,1989,8,RM,M,8.0
16822,16823,12,5,1989,3,RM,F,13.0
16823,16824,12,5,1989,8,DM,F,47.0
16824,16825,12,5,1989,9,DO,M,51.0
16825,16826,12,5,1989,15,PE,F,24.0
16826,16827,12,5,1989,2,DO,F,49.0
16827,16828,12,5,1989,13,RM,F,11.0
16828,16829,12,5,1989,4,DM,F,43.0
16829,16830,12,5,1989,11,RM,F,10.0
16830,16831,12,5,1989,11,DO,F,52.0
16831,16832,12,5,1989,8,DM,M,46.0
16832,16833,12,5,1989,3,RM,F,13.0
16833,16834,12,5,1989,14,DM,M,51.0
16834,16835,12,5,1989,3,,F,161.0
16835,16836,12,5,1989,4,DM,M,44.0
16836,16837,12,5,1989,4,DM,M,25.0
16837,16838,12,5,1989,3,RM,F,10.0
16838,16839,12,5,1989,4,DM,F,43.0
16839,16840,12,5,1989,8,DM,M,47.0
16840,16841,12,5,1989,4,DM,M,27.0
16841,16842,12,5,1989,11,RM,F,10.0
16842,16843,12,5,1989,9,RM,F,6.0
16843,16844,12,5,1989,8,DM,F,47.0
16844,16845,12,5,1989,2,DO,M,62.0
16845,16846,12,5,1989,3,AB,,
16846,16847,12,5,1989,2,PE,F,25.0
16847,16848,12,5,1989,11,DM,F,35.0
16848,16849,12,5,1989,2,OT,M,22.0
16849,16850,12,5,1989,4,DM,F,34.0
16850,16851,12,5,1989,11,DM,M,46.0
16851,16852,12,5,1989,14,PE,M,14.0
16852,16853,12,5,1989,14,RM,F,10.0
16853,16854,12,5,1989,3,BA,M,8.0
16854,16855,12,5,1989,10,RM,M,10.0
16855,16856,12,5,1989,9,DM,F,45.0
16856,16857,12,5,1989,4,DM,M,46.0
16857,16858,12,5,1989,10,RM,F,8.0
16858,16859,12,5,1989,9,DM,M,45.0
16859,16860,12,5,1989,14,DO,M,
16860,16861,12,5,1989,8,DM,M,50.0
16861,16862,12,5,1989,9,DM,F,37.0
16862,16863,12,5,1989,3,RM,F,12.0
16863,16864,12,5,1989,8,DO,F,45.0
16864,16865,12,5,1989,5,OT,M,21.0
16865,16866,12,5,1989,9,DM,M,50.0
16866,16867,12,5,1989,4,DS,M,123.0
16867,16868,12,5,1989,5,RM,M,12.0
16868,16869,12,5,1989,11,DM,M,47.0
16869,16870,12,5,1989,10,RM,M,7.0
16870,16871,12,5,1989,14,DO,F,47.0
16871,16872,12,5,1989,5,RF,F,13.0
16872,16873,12,5,1989,8,DO,M,51.0
16873,16874,12,5,1989,16,RM,F,15.0
16874,16875,12,5,1989,5,RM,M,9.0
16875,16876,12,5,1989,4,DM,M,31.0
16876,16877,12,5,1989,11,DM,M,50.0
16877,16878,12,5,1989,8,DM,F,42.0
